{
    "name": "jetti-product-sync",
    "version": "0.1.0",
    "license": "MIT",
    "dependencies": {
        "@adyen/api-library": "^8.0.0",
        "@moltin/request": "^1.6.2",
        "@moltin/sdk": "^9.12.1",
        "algoliasearch": "^4.11.0",
        "aws-sdk": "^2.1192.0",
        "axios": "^0.21.4",
        "body-parser": "^1.19.0",
        "clean-deep": "^3.4.0",
        "dotenv": "^8.6.0",
        "express": "^4.17.1",
        "form-data": "^4.0.0",
        "http": "0.0.1-security",
        "instantsearch.js": "^4.35.0",
        "lodash": "^4.17.21",
        "lodash.where": "^3.1.0",
        "loglevel": "^1.7.1",
        "moment": "^2.29.4",
        "nunjucks": "^3.2.3",
        "request": "^2.88.2",
        "serverless-aws-documentation": "^1.1.0",
        "serverless-reqvalidator-plugin": "^1.0.4"
    },
    "scripts": {
        "dev": "node server/express.js .env",
        "start": "NODE_ENV=production node server/express.js .env",
        "test": "jest --coverage"
    },
    "jest": {
        "cacheDirectory": "cache",
        "collectCoverageFrom": [
            "**/*.js",
            "!**/eslint-plugin-control/**",
            "!**/node_modules/**",
            "!**/coverage/**",
            "!webpack.config.js"
        ],
        "roots": [
            "<rootDir>"
        ],
        "modulePaths": [
            "<rootDir>",
            "client",
            "components"
        ],
        "moduleDirectories": [
            "node_modules",
            "client",
            "components"
        ]
    },
    "devDependencies": {
        "@semantic-release/gitlab-config": "^10.0.1",
        "jest": "^26.6.3",
        "semantic-release": "^20.1.0",
        "serverless": "^3.27.0",
        "serverless-add-api-key": "^4.2.0",
        "serverless-domain-manager": "^4.1.1",
        "serverless-jest-plugin": "^0.3.0",
        "serverless-mocha-plugin": "^0.5.11",
        "serverless-offline": "^12.0.4",
        "serverless-prune-plugin": "^2.0.1",
        "serverless-ssm-fetch": "^2.0.0",
        "standard": "^14.3.4"
    }
}