{
    "name": "epcc-avalara-tax-connector",
    "version": "0.1.0",
    "license": "MIT",
    "dependencies": {
        "@moltin/request": "^1.6.2",
        "@moltin/sdk": "^6.1.2",
        "avatax": "^20.12.1",
        "axios": "^0.21.1",
        "body-parser": "^1.19.0",
        "dotenv": "^8.2.0",
        "express": "^4.17.1",
        "lodash.where": "^3.1.0",
        "loglevel": "^1.7.1",
        "moment": "^2.29.2",
        "serverless-aws-documentation": "^1.1.0",
        "serverless-hosted-zone": "^0.0.7",
        "serverless-plugin-scripts": "^1.0.2",
        "serverless-reqvalidator-plugin": "^1.0.4"
    },
    "scripts": {
        "dev": "node server/express.js .env",
        "start": "NODE_ENV=production node server/express.js .env",
        "test": "jest"
    },
    "jest": {
        "cacheDirectory": "cache",
        "collectCoverageFrom": [
            "**/*.js",
            "!**/eslint-plugin-control/**",
            "!**/node_modules/**",
            "!**/coverage/**",
            "!webpack.config.js"
        ],
        "roots": [
            "<rootDir>"
        ],
        "modulePaths": [
            "<rootDir>",
            "client",
            "components"
        ],
        "moduleDirectories": [
            "node_modules",
            "client",
            "components"
        ]
    },
    "devDependencies": {
        "@semantic-release/gitlab-config": "^8.0.0",
        "jest": "^26.6.3",
        "semantic-release": "^17.1.1",
        "serverless": "^3.27.0",
        "serverless-add-api-key": "^4.2.0",
        "serverless-domain-manager": "^4.1.1",
        "serverless-jest-plugin": "^0.3.0",
        "serverless-mocha-plugin": "^1.12.0",
        "serverless-offline": "^12.0.4",
        "serverless-prune-plugin": "^2.0.1",
        "serverless-ssm-fetch": "^2.0.0",
        "standard": "^14.3.4"
    }
}